row ID,row m/z,row retention time,row identity (main ID),row identity (all IDs),row identity (main ID + details),row comment,row number of detected peaks,BLANK sample Peak status,BLANK sample Peak name,BLANK sample Peak m/z,BLANK sample Peak RT,BLANK sample Peak area,BLANK sample Peak charge,
1,107.07056427001953,4.135713333333333,,,,,1,DETECTED,107.071 m/z @4.1 [BLANK sample],107.07056427001953,4.135713333333333,9720083.27557328,1,
2,119.08594512939453,2.9399616666666666,,,,,1,DETECTED,119.086 m/z @2.9 [BLANK sample],119.08594512939453,2.9399616666666666,6126673.499395784,0,
3,128.95384216308594,29.874556666666667,,,,,1,DETECTED,128.954 m/z @29.9 [BLANK sample],128.95384216308594,29.874556666666667,8.576028382124051E7,0,
4,130.08670043945312,4.135713333333333,,,,,1,DETECTED,130.087 m/z @4.1 [BLANK sample],130.08670043945312,4.135713333333333,5.4390426596589305E7,1,
5,131.0706787109375,3.609211666666667,,,,,1,DETECTED,131.071 m/z @3.6 [BLANK sample],131.0706787109375,3.609211666666667,1.6517043422834314E7,1,
6,131.09007263183594,4.113208333333334,,,,,1,DETECTED,131.090 m/z @4.1 [BLANK sample],131.09007263183594,4.113208333333334,2406948.3583346563,0,
7,133.07652282714844,3.955878333333333,,,,,1,DETECTED,133.077 m/z @4.0 [BLANK sample],133.07652282714844,3.955878333333333,4155448.9761768933,0,
8,133.08624267578125,4.135713333333333,,,,,1,DETECTED,133.086 m/z @4.1 [BLANK sample],133.08624267578125,4.135713333333333,3.589098136846297E7,1,
9,135.08090209960938,2.9000433333333335,,,,,1,DETECTED,135.081 m/z @2.9 [BLANK sample],135.08090209960938,2.9000433333333335,2145938.598257579,0,
10,149.0237274169922,10.096715,,,,,1,DETECTED,149.024 m/z @10.1 [BLANK sample],149.0237274169922,10.096715,1.3817432471565354E8,1,
11,151.096923828125,4.135713333333333,,,,,1,DETECTED,151.097 m/z @4.1 [BLANK sample],151.096923828125,4.135713333333333,3.6888065257065433E8,1,
12,152.0999755859375,4.135713333333333,,,,,1,DETECTED,152.100 m/z @4.1 [BLANK sample],152.0999755859375,4.135713333333333,2.4231820732444808E7,0,
13,158.08615112304688,4.09155,,,,,1,DETECTED,158.086 m/z @4.1 [BLANK sample],158.08615112304688,4.09155,2445170.5638276655,0,
14,159.08253479003906,4.09155,,,,,1,DETECTED,159.083 m/z @4.1 [BLANK sample],159.08253479003906,4.09155,1.1870692477774408E7,1,
15,168.12355041503906,4.135713333333333,,,,,1,DETECTED,168.124 m/z @4.1 [BLANK sample],168.12355041503906,4.135713333333333,2.0267697293256644E7,1,
16,168.94656372070312,29.851715000000002,,,,,1,DETECTED,168.947 m/z @29.9 [BLANK sample],168.94656372070312,29.851715000000002,7.00414636832826E7,0,
17,173.07901000976562,4.36722,,,,,1,DETECTED,173.079 m/z @4.4 [BLANK sample],173.07901000976562,4.36722,2.1738422730991E7,1,
18,174.11300659179688,4.113208333333334,,,,,1,DETECTED,174.113 m/z @4.1 [BLANK sample],174.11300659179688,4.113208333333334,9385053.181584042,1,
19,175.09718322753906,3.609211666666667,,,,,1,DETECTED,175.097 m/z @3.6 [BLANK sample],175.09718322753906,3.609211666666667,5.2736808616284065E7,1,
20,176.1003875732422,3.609211666666667,,,,,1,DETECTED,176.100 m/z @3.6 [BLANK sample],176.1003875732422,3.609211666666667,4350504.1678511705,0,
21,177.1129150390625,3.36821,,,,,1,DETECTED,177.113 m/z @3.4 [BLANK sample],177.1129150390625,3.36821,1.0442481689312559E7,0,
22,193.08685302734375,2.9000433333333335,,,,,1,DETECTED,193.087 m/z @2.9 [BLANK sample],193.08685302734375,2.9000433333333335,3807681.8525162926,0,
23,195.1234893798828,3.861051666666666,,,,,1,DETECTED,195.123 m/z @3.9 [BLANK sample],195.1234893798828,3.861051666666666,2.097034186382966E7,1,
24,196.12672424316406,3.861051666666666,,,,,1,DETECTED,196.127 m/z @3.9 [BLANK sample],196.12672424316406,3.861051666666666,1352315.8233230722,0,
25,202.18089294433594,5.239211666666667,,,,,1,DETECTED,202.181 m/z @5.2 [BLANK sample],202.18089294433594,5.239211666666667,3.79691750540084E7,1,
26,208.15505981445312,4.389876666666666,,,,,1,DETECTED,208.155 m/z @4.4 [BLANK sample],208.15505981445312,4.389876666666666,2330408.1744624493,1,
27,212.09591674804688,10.988213333333332,,,,,1,DETECTED,212.096 m/z @11.0 [BLANK sample],212.09591674804688,10.988213333333332,1.8687766144674972E8,1,
28,212.16571044921875,3.2188816666666664,,,,,1,DETECTED,212.166 m/z @3.2 [BLANK sample],212.16571044921875,3.2188816666666664,6313267.803519334,0,
29,212.93690490722656,29.805711666666664,,,,,1,DETECTED,212.937 m/z @29.8 [BLANK sample],212.93690490722656,29.805711666666664,3.498737608447674E7,0,
30,217.1055145263672,3.9315433333333334,,,,,1,DETECTED,217.106 m/z @3.9 [BLANK sample],217.1055145263672,3.9315433333333334,5.222192632595858E7,1,
31,221.13955688476562,3.36821,,,,,1,DETECTED,221.140 m/z @3.4 [BLANK sample],221.13955688476562,3.36821,4422217.327092102,0,
32,227.2017822265625,2.836385,,,,,1,DETECTED,227.202 m/z @2.8 [BLANK sample],227.2017822265625,2.836385,2.499012392307307E7,0,
33,234.91897583007812,29.782709999999998,,,,,1,DETECTED,234.919 m/z @29.8 [BLANK sample],234.91897583007812,29.782709999999998,6.1921299827634886E7,1,
34,237.1972198486328,39.723045,,,,,1,DETECTED,237.197 m/z @39.7 [BLANK sample],237.1972198486328,39.723045,1.0552403654249448E7,1,
35,239.10720825195312,6.711376666666666,,,,,1,DETECTED,239.107 m/z @6.7 [BLANK sample],239.10720825195312,6.711376666666666,1.4430812071580675E8,1,
36,239.14999389648438,3.6762099999999998,,,,,1,DETECTED,239.150 m/z @3.7 [BLANK sample],239.14999389648438,3.6762099999999998,1.2598191554023972E7,1,
37,240.1099090576172,6.757043333333334,,,,,1,DETECTED,240.110 m/z @6.8 [BLANK sample],240.1099090576172,6.757043333333334,1.3335829996634481E7,0,
38,241.10244750976562,6.734389999999999,,,,,1,DETECTED,241.102 m/z @6.7 [BLANK sample],241.10244750976562,6.734389999999999,7207938.453392624,0,
39,243.1839599609375,3.0482099999999996,,,,,1,DETECTED,243.184 m/z @3.0 [BLANK sample],243.1839599609375,3.0482099999999996,2939107.7868182613,0,
40,249.14984130859375,2.9000433333333335,,,,,1,DETECTED,249.150 m/z @2.9 [BLANK sample],249.14984130859375,2.9000433333333335,6068500.423024311,0,
41,252.92929077148438,29.851715000000002,,,,,1,DETECTED,252.929 m/z @29.9 [BLANK sample],252.92929077148438,29.851715000000002,1.4550127009414876E7,1,
42,255.1019744873047,9.41055,,,,,1,DETECTED,255.102 m/z @9.4 [BLANK sample],255.1019744873047,9.41055,1.9490022046470106E7,1,
43,255.16036987304688,2.793545,,,,,1,DETECTED,255.160 m/z @2.8 [BLANK sample],255.16036987304688,2.793545,1313182.6574669923,0,
44,261.0888977050781,6.893886666666666,,,,,1,DETECTED,261.089 m/z @6.9 [BLANK sample],261.0888977050781,6.893886666666666,1.6474211515530324E7,1,
45,263.2383117675781,2.7062166666666667,,,,,1,DETECTED,263.238 m/z @2.7 [BLANK sample],263.2383117675781,2.7062166666666667,1710969.8159253688,0,
46,267.1240539550781,3.0482099999999996,,,,,1,DETECTED,267.124 m/z @3.0 [BLANK sample],267.1240539550781,3.0482099999999996,5718469.135748763,0,
47,274.9114685058594,29.874556666666667,,,,,1,DETECTED,274.911 m/z @29.9 [BLANK sample],274.9114685058594,29.874556666666667,3.238015418545521E7,0,
48,274.9371337890625,29.990711666666662,,,,,1,DETECTED,274.937 m/z @30.0 [BLANK sample],274.9371337890625,29.990711666666662,6676912.224153864,0,
49,277.08380126953125,9.41055,,,,,1,DETECTED,277.084 m/z @9.4 [BLANK sample],277.08380126953125,9.41055,1975404.9308388976,1,
50,278.2491455078125,3.0482099999999996,,,,,1,DETECTED,278.249 m/z @3.0 [BLANK sample],278.2491455078125,3.0482099999999996,2038241.9542953616,0,
51,280.26507568359375,3.0270516666666665,,,,,1,DETECTED,280.265 m/z @3.0 [BLANK sample],280.26507568359375,3.0270516666666665,4530411.451860183,0,
52,281.1398010253906,2.9845433333333333,,,,,1,DETECTED,281.140 m/z @3.0 [BLANK sample],281.1398010253906,2.9845433333333333,1.0584171503828384E7,1,
53,281.1607666015625,3.6313766666666663,,,,,1,DETECTED,281.161 m/z @3.6 [BLANK sample],281.1607666015625,3.6313766666666663,1.8824941216527645E7,1,
54,281.2490234375,2.7062166666666667,,,,,1,DETECTED,281.249 m/z @2.7 [BLANK sample],281.2490234375,2.7062166666666667,5467461.495795951,1,
55,282.1642150878906,3.609211666666667,,,,,1,DETECTED,282.164 m/z @3.6 [BLANK sample],282.1642150878906,3.609211666666667,1898091.1243263793,0,
56,283.17669677734375,3.5417099999999997,,,,,1,DETECTED,283.177 m/z @3.5 [BLANK sample],283.17669677734375,3.5417099999999997,1.4595343358790971E7,0,
57,285.134765625,2.9845433333333333,,,,,1,DETECTED,285.135 m/z @3.0 [BLANK sample],285.134765625,2.9845433333333333,4364852.857822388,0,
58,288.254638671875,3.0693799999999998,,,,,1,DETECTED,288.255 m/z @3.1 [BLANK sample],288.254638671875,3.0693799999999998,1.0967497452643484E7,0,
59,288.291015625,39.97821166666667,,,,,1,DETECTED,288.291 m/z @40.0 [BLANK sample],288.291015625,39.97821166666667,5.91782491650622E7,1,
60,289.2940673828125,39.97821166666667,,,,,1,DETECTED,289.294 m/z @40.0 [BLANK sample],289.2940673828125,39.97821166666667,8064250.664914948,0,
61,293.1924133300781,2.7062166666666667,,,,,1,DETECTED,293.192 m/z @2.7 [BLANK sample],293.1924133300781,2.7062166666666667,1830701.4007541286,0,
62,293.24908447265625,2.9845433333333333,,,,,1,DETECTED,293.249 m/z @3.0 [BLANK sample],293.24908447265625,2.9845433333333333,1.938993225239577E7,0,
63,294.24481201171875,3.0270516666666665,,,,,1,DETECTED,294.245 m/z @3.0 [BLANK sample],294.24481201171875,3.0270516666666665,2008911.831741402,0,
64,296.2239074707031,2.6840516666666665,,,,,1,DETECTED,296.224 m/z @2.7 [BLANK sample],296.2239074707031,2.6840516666666665,1262288.9780903826,0,
65,296.2600402832031,2.9633766666666665,,,,,1,DETECTED,296.260 m/z @3.0 [BLANK sample],296.2600402832031,2.9633766666666665,2879794.4750426514,0,
66,296.91986083984375,29.782709999999998,,,,,1,DETECTED,296.920 m/z @29.8 [BLANK sample],296.91986083984375,29.782709999999998,5.449585075331402E7,1,
67,297.24395751953125,2.7280533333333334,,,,,1,DETECTED,297.244 m/z @2.7 [BLANK sample],297.24395751953125,2.7280533333333334,9786362.457509816,0,
68,299.1507568359375,2.9000433333333335,,,,,1,DETECTED,299.151 m/z @2.9 [BLANK sample],299.1507568359375,2.9000433333333335,2.0021468618716076E7,1,
69,300.1539001464844,2.8788766666666663,,,,,1,DETECTED,300.154 m/z @2.9 [BLANK sample],300.1539001464844,2.8788766666666663,1951078.823041661,0,
70,300.2002868652344,2.836385,,,,,1,DETECTED,300.200 m/z @2.8 [BLANK sample],300.2002868652344,2.836385,2326524.180826939,0,
71,302.19781494140625,3.4765433333333333,,,,,1,DETECTED,302.198 m/z @3.5 [BLANK sample],302.19781494140625,3.4765433333333333,5833182.347117645,0,
72,303.06927490234375,10.988213333333332,,,,,1,DETECTED,303.069 m/z @11.0 [BLANK sample],303.06927490234375,10.988213333333332,3.3202207171585344E7,1,
73,304.0719299316406,10.988213333333332,,,,,1,DETECTED,304.072 m/z @11.0 [BLANK sample],304.0719299316406,10.988213333333332,2729013.1574688014,0,
74,304.28594970703125,39.723045,,,,,1,DETECTED,304.286 m/z @39.7 [BLANK sample],304.28594970703125,39.723045,8238761.5799128795,1,
75,305.06488037109375,10.988213333333332,,,,,1,DETECTED,305.065 m/z @11.0 [BLANK sample],305.06488037109375,10.988213333333332,2790126.0950766737,0,
76,308.1764221191406,4.09155,,,,,1,DETECTED,308.176 m/z @4.1 [BLANK sample],308.1764221191406,4.09155,3006288.2655857527,0,
77,309.1728820800781,4.09155,,,,,1,DETECTED,309.173 m/z @4.1 [BLANK sample],309.1728820800781,4.09155,1.743974317323859E7,1,
78,310.2395324707031,2.8575433333333335,,,,,1,DETECTED,310.240 m/z @2.9 [BLANK sample],310.2395324707031,2.8575433333333335,1664277.740198888,0,
79,311.1868896484375,2.7497083333333334,,,,,1,DETECTED,311.187 m/z @2.7 [BLANK sample],311.1868896484375,2.7497083333333334,9540313.656289158,1,
80,311.25994873046875,2.9845433333333333,,,,,1,DETECTED,311.260 m/z @3.0 [BLANK sample],311.25994873046875,2.9845433333333333,3714997.8279542825,0,
81,312.1903991699219,2.7280533333333334,,,,,1,DETECTED,312.190 m/z @2.7 [BLANK sample],312.1903991699219,2.7280533333333334,1357295.5093718283,0,
82,316.2134704589844,3.0693799999999998,,,,,1,DETECTED,316.213 m/z @3.1 [BLANK sample],316.2134704589844,3.0693799999999998,9376841.27323051,0,
83,316.2866516113281,3.1758766666666665,,,,,1,DETECTED,316.287 m/z @3.2 [BLANK sample],316.2866516113281,3.1758766666666665,1.0760701743626324E7,0,
84,316.3223571777344,39.97821166666667,,,,,1,DETECTED,316.322 m/z @40.0 [BLANK sample],316.3223571777344,39.97821166666667,1.5762385455586053E7,1,
85,318.3023376464844,3.2188816666666664,,,,,1,DETECTED,318.302 m/z @3.2 [BLANK sample],318.3023376464844,3.2188816666666664,6770473.932427279,0,
86,318.9016418457031,29.874556666666667,,,,,1,DETECTED,318.902 m/z @29.9 [BLANK sample],318.9016418457031,29.874556666666667,5.535738077835244E7,1,
87,320.0957336425781,10.988213333333332,,,,,1,DETECTED,320.096 m/z @11.0 [BLANK sample],320.0957336425781,10.988213333333332,1.0501934283025462E7,1,
88,325.0508117675781,11.013718333333333,,,,,1,DETECTED,325.051 m/z @11.0 [BLANK sample],325.0508117675781,11.013718333333333,6267145.102723771,1,
89,327.2030944824219,3.4765433333333333,,,,,1,DETECTED,327.203 m/z @3.5 [BLANK sample],327.2030944824219,3.4765433333333333,1.83141467785724E7,1,
90,328.2064514160156,3.4765433333333333,,,,,1,DETECTED,328.206 m/z @3.5 [BLANK sample],328.2064514160156,3.4765433333333333,5336613.821531231,0,
91,329.2707214355469,2.9000433333333335,,,,,1,DETECTED,329.271 m/z @2.9 [BLANK sample],329.2707214355469,2.9000433333333335,1.11807695335063E7,0,
92,334.2602233886719,4.204878333333333,,,,,1,DETECTED,334.260 m/z @4.2 [BLANK sample],334.2602233886719,4.204878333333333,9348231.9294724,1,
93,340.88348388671875,29.874556666666667,,,,,1,DETECTED,340.883 m/z @29.9 [BLANK sample],340.88348388671875,29.874556666666667,2.178759089330252E7,1,
94,341.19775390625,2.9845433333333333,,,,,1,DETECTED,341.198 m/z @3.0 [BLANK sample],341.19775390625,2.9845433333333333,2.483618154748455E7,1,
95,341.2127685546875,2.615883333333333,,,,,1,DETECTED,341.213 m/z @2.6 [BLANK sample],341.2127685546875,2.615883333333333,1389050.5904346365,0,
96,342.2013244628906,2.9845433333333333,,,,,1,DETECTED,342.201 m/z @3.0 [BLANK sample],342.2013244628906,2.9845433333333333,3269396.5334412865,0,
97,343.2864074707031,2.6840516666666665,,,,,1,DETECTED,343.286 m/z @2.7 [BLANK sample],343.2864074707031,2.6840516666666665,822999.3586154244,0,
98,344.229736328125,3.4765433333333333,,,,,1,DETECTED,344.230 m/z @3.5 [BLANK sample],344.229736328125,3.4765433333333333,6352175.800083517,0,
99,344.31781005859375,3.154376666666667,,,,,1,DETECTED,344.318 m/z @3.2 [BLANK sample],344.31781005859375,3.154376666666667,5669678.623607408,0,
100,346.29693603515625,3.0058766666666665,,,,,1,DETECTED,346.297 m/z @3.0 [BLANK sample],346.29693603515625,3.0058766666666665,3302305.849790745,0,
101,351.2524108886719,2.9000433333333335,,,,,1,DETECTED,351.252 m/z @2.9 [BLANK sample],351.2524108886719,2.9000433333333335,2227202.8017599783,0,
102,355.21331787109375,2.8788766666666663,,,,,1,DETECTED,355.213 m/z @2.9 [BLANK sample],355.21331787109375,2.8788766666666663,3.751591842774089E7,1,
103,356.2170104980469,2.9000433333333335,,,,,1,DETECTED,356.217 m/z @2.9 [BLANK sample],356.2170104980469,2.9000433333333335,7266335.454615757,0,
104,358.9205322265625,29.782709999999998,,,,,1,DETECTED,358.921 m/z @29.8 [BLANK sample],358.9205322265625,29.782709999999998,8589987.89952343,0,
105,359.223388671875,2.615883333333333,,,,,1,DETECTED,359.223 m/z @2.6 [BLANK sample],359.223388671875,2.615883333333333,6582609.440203536,1,
106,360.22674560546875,2.6382166666666667,,,,,1,DETECTED,360.227 m/z @2.6 [BLANK sample],360.22674560546875,2.6382166666666667,1905892.8688763664,0,
107,369.2420959472656,2.9399616666666666,,,,,1,DETECTED,369.242 m/z @2.9 [BLANK sample],369.2420959472656,2.9399616666666666,2196772.240320006,0,
108,370.2607727050781,2.9399616666666666,,,,,1,DETECTED,370.261 m/z @2.9 [BLANK sample],370.2607727050781,2.9399616666666666,1680297.4655020388,0,
109,371.22943115234375,3.433375,,,,,1,DETECTED,371.229 m/z @3.4 [BLANK sample],371.22943115234375,3.433375,2.1089609460585546E7,1,
110,372.2329406738281,3.433375,,,,,1,DETECTED,372.233 m/z @3.4 [BLANK sample],372.2329406738281,3.433375,4232530.786565375,0,
111,373.2389831542969,2.5935433333333333,,,,,1,DETECTED,373.239 m/z @2.6 [BLANK sample],373.2389831542969,2.5935433333333333,2447028.9053769535,1,
112,373.2611083984375,3.2188816666666664,,,,,1,DETECTED,373.261 m/z @3.2 [BLANK sample],373.2611083984375,3.2188816666666664,1463754.3571704577,0,
113,380.8769836425781,29.874556666666667,,,,,1,DETECTED,380.877 m/z @29.9 [BLANK sample],380.8769836425781,29.874556666666667,8746793.147038572,0,
114,380.9023132324219,29.782709999999998,,,,,1,DETECTED,380.902 m/z @29.8 [BLANK sample],380.9023132324219,29.782709999999998,3.32259138939506E7,1,
115,387.1822814941406,2.9845433333333333,,,,,1,DETECTED,387.182 m/z @3.0 [BLANK sample],387.1822814941406,2.9845433333333333,3.470025600332736E7,1,
116,387.31243896484375,2.7062166666666667,,,,,1,DETECTED,387.312 m/z @2.7 [BLANK sample],387.31243896484375,2.7062166666666667,1842312.6894416232,0,
117,388.1858825683594,3.0270516666666665,,,,,1,DETECTED,388.186 m/z @3.0 [BLANK sample],388.1858825683594,3.0270516666666665,2.250618700281368E7,0,
118,388.25634765625,3.389883333333334,,,,,1,DETECTED,388.256 m/z @3.4 [BLANK sample],388.25634765625,3.389883333333334,1.6485635943319319E7,0,
119,388.3443603515625,3.2613783333333335,,,,,1,DETECTED,388.344 m/z @3.3 [BLANK sample],388.3443603515625,3.2613783333333335,5108599.681854783,0,
120,389.2594299316406,3.433375,,,,,1,DETECTED,389.259 m/z @3.4 [BLANK sample],389.2594299316406,3.433375,1889317.7907865352,0,
121,391.285888671875,39.723045,,,,,1,DETECTED,391.286 m/z @39.7 [BLANK sample],391.285888671875,39.723045,1.3648705418921092E8,1,
122,397.2605895996094,2.9845433333333333,,,,,1,DETECTED,397.261 m/z @3.0 [BLANK sample],397.2605895996094,2.9845433333333333,2.1927673401485972E7,1,
123,398.2640686035156,2.9845433333333333,,,,,1,DETECTED,398.264 m/z @3.0 [BLANK sample],398.2640686035156,2.9845433333333333,7940620.594356396,0,
124,402.8843994140625,29.782709999999998,,,,,1,DETECTED,402.884 m/z @29.8 [BLANK sample],402.8843994140625,29.782709999999998,1.9452565384457707E7,1,
125,404.20867919921875,3.0693799999999998,,,,,1,DETECTED,404.209 m/z @3.1 [BLANK sample],404.20867919921875,3.0693799999999998,2.5911779673622727E7,1,
126,404.3389587402344,2.7280533333333334,,,,,1,DETECTED,404.339 m/z @2.7 [BLANK sample],404.3389587402344,2.7280533333333334,2468802.96278812,0,
127,405.2125549316406,3.0058766666666665,,,,,1,DETECTED,405.213 m/z @3.0 [BLANK sample],405.2125549316406,3.0058766666666665,1.0468349634402204E7,0,
128,411.2771301269531,2.9000433333333335,,,,,1,DETECTED,411.277 m/z @2.9 [BLANK sample],411.2771301269531,2.9000433333333335,4074794.960289767,0,
129,413.26873779296875,2.9212116666666663,,,,,1,DETECTED,413.269 m/z @2.9 [BLANK sample],413.26873779296875,2.9212116666666663,4.3299783262113415E7,1,
130,414.2874450683594,2.9845433333333333,,,,,1,DETECTED,414.287 m/z @3.0 [BLANK sample],414.2874450683594,2.9845433333333333,7.296206409374976E7,1,
131,415.2137756347656,2.9212116666666663,,,,,1,DETECTED,415.214 m/z @2.9 [BLANK sample],415.2137756347656,2.9212116666666663,2.0529418300900155E8,1,
132,415.2562255859375,3.389883333333334,,,,,1,DETECTED,415.256 m/z @3.4 [BLANK sample],415.2562255859375,3.389883333333334,3.3351159731171794E7,1,
133,415.28973388671875,2.9845433333333333,,,,,1,DETECTED,415.290 m/z @3.0 [BLANK sample],415.28973388671875,2.9845433333333333,1.7426827798050962E7,0,
134,416.2174377441406,2.9000433333333335,,,,,1,DETECTED,416.217 m/z @2.9 [BLANK sample],416.2174377441406,2.9000433333333335,5.698061443928355E7,0,
135,416.22979736328125,2.7280533333333334,,,,,1,DETECTED,416.230 m/z @2.7 [BLANK sample],416.22979736328125,2.7280533333333334,2169788.4540817444,0,
136,416.2591247558594,3.36821,,,,,1,DETECTED,416.259 m/z @3.4 [BLANK sample],416.2591247558594,3.36821,5064222.895754166,0,
137,416.30230712890625,2.9212116666666663,,,,,1,DETECTED,416.302 m/z @2.9 [BLANK sample],416.30230712890625,2.9212116666666663,1355657.4683301991,0,
138,417.2197570800781,2.9399616666666666,,,,,1,DETECTED,417.220 m/z @2.9 [BLANK sample],417.2197570800781,2.9399616666666666,5623684.531698629,0,
139,419.24200439453125,3.1332233333333335,,,,,1,DETECTED,419.242 m/z @3.1 [BLANK sample],419.24200439453125,3.1332233333333335,5169330.209497693,0,
140,424.86627197265625,29.805711666666664,,,,,1,DETECTED,424.866 m/z @29.8 [BLANK sample],424.86627197265625,29.805711666666664,1.3482838202227063E7,1,
141,428.3027648925781,2.8788766666666663,,,,,1,DETECTED,428.303 m/z @2.9 [BLANK sample],428.3027648925781,2.8788766666666663,2.15949788717758E8,1,
142,429.30584716796875,2.8788766666666663,,,,,1,DETECTED,429.306 m/z @2.9 [BLANK sample],429.30584716796875,2.8788766666666663,5.419554018971005E7,0,
143,430.24505615234375,2.8788766666666663,,,,,1,DETECTED,430.245 m/z @2.9 [BLANK sample],430.24505615234375,2.8788766666666663,8673840.23911916,0,
144,430.30877685546875,2.8788766666666663,,,,,1,DETECTED,430.309 m/z @2.9 [BLANK sample],430.30877685546875,2.8788766666666663,5437467.944684042,0,
145,432.2395935058594,2.9212116666666663,,,,,1,DETECTED,432.240 m/z @2.9 [BLANK sample],432.2395935058594,2.9212116666666663,2.0316627086559123E8,1,
146,432.2828063964844,3.389883333333334,,,,,1,DETECTED,432.283 m/z @3.4 [BLANK sample],432.2828063964844,3.389883333333334,4.187252395272637E7,1,
147,433.2428283691406,2.9212116666666663,,,,,1,DETECTED,433.243 m/z @2.9 [BLANK sample],433.2428283691406,2.9212116666666663,5.557215968482189E7,0,
148,433.2862854003906,3.389883333333334,,,,,1,DETECTED,433.286 m/z @3.4 [BLANK sample],433.2862854003906,3.389883333333334,6491992.139021122,0,
149,434.2453308105469,2.9212116666666663,,,,,1,DETECTED,434.245 m/z @2.9 [BLANK sample],434.2453308105469,2.9212116666666663,5323496.223249128,0,
150,435.781982421875,2.9633766666666665,,,,,1,DETECTED,435.782 m/z @3.0 [BLANK sample],435.781982421875,2.9633766666666665,5955221.423006404,0,
151,436.2840576171875,3.0270516666666665,,,,,1,DETECTED,436.284 m/z @3.0 [BLANK sample],436.2840576171875,3.0270516666666665,1389522.0701354858,0,
152,441.30181884765625,2.5935433333333333,,,,,1,DETECTED,441.302 m/z @2.6 [BLANK sample],441.30181884765625,2.5935433333333333,909733.3037107894,1,
153,446.8484191894531,29.874556666666667,,,,,1,DETECTED,446.848 m/z @29.9 [BLANK sample],446.8484191894531,29.874556666666667,8144722.187749966,0,
154,448.27740478515625,3.5633816666666664,,,,,1,DETECTED,448.277 m/z @3.6 [BLANK sample],448.27740478515625,3.5633816666666664,2.3172410014717832E8,1,
155,448.365966796875,2.6840516666666665,,,,,1,DETECTED,448.366 m/z @2.7 [BLANK sample],448.365966796875,2.6840516666666665,4746367.038191974,1,
156,449.2801818847656,3.5633816666666664,,,,,1,DETECTED,449.280 m/z @3.6 [BLANK sample],449.2801818847656,3.5633816666666664,4.796536044564547E7,0,
157,449.36895751953125,2.7062166666666667,,,,,1,DETECTED,449.369 m/z @2.7 [BLANK sample],449.36895751953125,2.7062166666666667,4736578.423554348,0,
158,450.28302001953125,3.5417099999999997,,,,,1,DETECTED,450.283 m/z @3.5 [BLANK sample],450.28302001953125,3.5417099999999997,8746998.419301623,0,
159,453.2323913574219,3.5417099999999997,,,,,1,DETECTED,453.232 m/z @3.5 [BLANK sample],453.2323913574219,3.5417099999999997,2.102245970883324E7,1,
160,454.2348937988281,3.5633816666666664,,,,,1,DETECTED,454.235 m/z @3.6 [BLANK sample],454.2348937988281,3.5633816666666664,2997105.3343234994,0,
161,456.3338623046875,2.8575433333333335,,,,,1,DETECTED,456.334 m/z @2.9 [BLANK sample],456.3338623046875,2.8575433333333335,1234948.2386508298,0,
162,457.2945861816406,2.9399616666666666,,,,,1,DETECTED,457.295 m/z @2.9 [BLANK sample],457.2945861816406,2.9399616666666666,5940588.750360876,0,
163,457.79608154296875,2.9633766666666665,,,,,1,DETECTED,457.796 m/z @3.0 [BLANK sample],457.79608154296875,2.9633766666666665,4879134.26244745,0,
164,458.2982482910156,2.9399616666666666,,,,,1,DETECTED,458.298 m/z @2.9 [BLANK sample],458.2982482910156,2.9399616666666666,3218091.7715504514,0,
165,459.2825622558594,3.3468766666666663,,,,,1,DETECTED,459.283 m/z @3.3 [BLANK sample],459.2825622558594,3.3468766666666663,2.7612592552209746E7,1,
166,460.2715148925781,2.9000433333333335,,,,,1,DETECTED,460.272 m/z @2.9 [BLANK sample],460.2715148925781,2.9000433333333335,1.9133439038786042E7,0,
167,460.285888671875,3.3468766666666663,,,,,1,DETECTED,460.286 m/z @3.3 [BLANK sample],460.285888671875,3.3468766666666663,4000336.4578888547,0,
168,461.2745056152344,2.9212116666666663,,,,,1,DETECTED,461.275 m/z @2.9 [BLANK sample],461.2745056152344,2.9212116666666663,7277273.814010265,0,
169,464.3602294921875,2.7497083333333334,,,,,1,DETECTED,464.360 m/z @2.7 [BLANK sample],464.3602294921875,2.7497083333333334,858604.017036085,0,
170,464.884521484375,29.92138,,,,,1,DETECTED,464.885 m/z @29.9 [BLANK sample],464.884521484375,29.92138,2.6009807495291E7,1,
171,466.1781005859375,2.6840516666666665,,,,,1,DETECTED,466.178 m/z @2.7 [BLANK sample],466.1781005859375,2.6840516666666665,2515248.8076607496,0,
172,467.3034362792969,3.154376666666667,,,,,1,DETECTED,467.303 m/z @3.2 [BLANK sample],467.3034362792969,3.154376666666667,3717039.5217012474,0,
173,469.20684814453125,3.5417099999999997,,,,,1,DETECTED,469.207 m/z @3.5 [BLANK sample],469.20684814453125,3.5417099999999997,1087902.131985608,0,
174,475.2934265136719,4.113208333333334,,,,,1,DETECTED,475.293 m/z @4.1 [BLANK sample],475.2934265136719,4.113208333333334,5729822.801260935,0,
175,476.2725830078125,3.74372,,,,,1,DETECTED,476.273 m/z @3.7 [BLANK sample],476.2725830078125,3.74372,3828824.082935938,1,
176,476.28961181640625,4.135713333333333,,,,,1,DETECTED,476.290 m/z @4.1 [BLANK sample],476.28961181640625,4.135713333333333,2.6722738693516538E7,1,
177,476.3090515136719,3.3468766666666663,,,,,1,DETECTED,476.309 m/z @3.3 [BLANK sample],476.3090515136719,3.3468766666666663,8.129697787821911E7,1,
178,477.2069396972656,6.757043333333334,,,,,1,DETECTED,477.207 m/z @6.8 [BLANK sample],477.2069396972656,6.757043333333334,8.336926708377153E7,1,
179,477.2921447753906,4.09155,,,,,1,DETECTED,477.292 m/z @4.1 [BLANK sample],477.2921447753906,4.09155,4419727.25409069,0,
180,477.3123474121094,3.3468766666666663,,,,,1,DETECTED,477.312 m/z @3.3 [BLANK sample],477.3123474121094,3.3468766666666663,1.5927331876360286E7,0,
181,478.2092590332031,6.757043333333334,,,,,1,DETECTED,478.209 m/z @6.8 [BLANK sample],478.2092590332031,6.757043333333334,1.6236214466553114E7,0,
182,478.3152160644531,3.3468766666666663,,,,,1,DETECTED,478.315 m/z @3.3 [BLANK sample],478.3152160644531,3.3468766666666663,3605796.77186714,0,
183,479.203369140625,6.734389999999999,,,,,1,DETECTED,479.203 m/z @6.7 [BLANK sample],479.203369140625,6.734389999999999,6699750.804702977,0,
184,479.2769775390625,2.9000433333333335,,,,,1,DETECTED,479.277 m/z @2.9 [BLANK sample],479.2769775390625,2.9000433333333335,1873224.8129326045,0,
185,479.8093566894531,2.9212116666666663,,,,,1,DETECTED,479.809 m/z @2.9 [BLANK sample],479.8093566894531,2.9212116666666663,5267339.575123912,0,
186,480.311767578125,3.0058766666666665,,,,,1,DETECTED,480.312 m/z @3.0 [BLANK sample],480.311767578125,3.0058766666666665,2204007.4496284733,0,
187,482.37091064453125,2.8575433333333335,,,,,1,DETECTED,482.371 m/z @2.9 [BLANK sample],482.37091064453125,2.8575433333333335,2134889.0500361435,0,
188,486.86712646484375,29.782709999999998,,,,,1,DETECTED,486.867 m/z @29.8 [BLANK sample],486.86712646484375,29.782709999999998,2.0906044558875203E7,1,
189,488.3026123046875,2.9212116666666663,,,,,1,DETECTED,488.303 m/z @2.9 [BLANK sample],488.3026123046875,2.9212116666666663,1619409.7856765501,0,
190,489.31719970703125,3.1758766666666665,,,,,1,DETECTED,489.317 m/z @3.2 [BLANK sample],489.31719970703125,3.1758766666666665,4525144.525346462,0,
191,492.30389404296875,3.5417099999999997,,,,,1,DETECTED,492.304 m/z @3.5 [BLANK sample],492.30389404296875,3.5417099999999997,1.3500270629356753E7,1,
192,492.392333984375,2.6840516666666665,,,,,1,DETECTED,492.392 m/z @2.7 [BLANK sample],492.392333984375,2.6840516666666665,6221686.669899252,1,
193,493.307373046875,3.5417099999999997,,,,,1,DETECTED,493.307 m/z @3.5 [BLANK sample],493.307373046875,3.5417099999999997,2200789.2889579455,0,
194,493.3951416015625,2.7062166666666667,,,,,1,DETECTED,493.395 m/z @2.7 [BLANK sample],493.3951416015625,2.7062166666666667,5352615.715285526,0,
195,499.1881408691406,6.847878333333332,,,,,1,DETECTED,499.188 m/z @6.8 [BLANK sample],499.1881408691406,6.847878333333332,2.84476708521861E7,1,
196,500.1913146972656,6.847878333333332,,,,,1,DETECTED,500.191 m/z @6.8 [BLANK sample],500.1913146972656,6.847878333333332,4561443.031853681,0,
197,500.3388671875,2.615883333333333,,,,,1,DETECTED,500.339 m/z @2.6 [BLANK sample],500.3388671875,2.615883333333333,1303882.3112738996,1,
198,501.3209533691406,2.9000433333333335,,,,,1,DETECTED,501.321 m/z @2.9 [BLANK sample],501.3209533691406,2.9000433333333335,1.2198942823318651E7,0,
199,501.8226013183594,2.9845433333333333,,,,,1,DETECTED,501.823 m/z @3.0 [BLANK sample],501.8226013183594,2.9845433333333333,4932759.471974776,0,
200,502.3241882324219,2.9845433333333333,,,,,1,DETECTED,502.324 m/z @3.0 [BLANK sample],502.3241882324219,2.9845433333333333,5003269.875557006,0,
201,503.308837890625,3.325376666666666,,,,,1,DETECTED,503.309 m/z @3.3 [BLANK sample],503.308837890625,3.325376666666666,1.5712785043588866E7,1,
202,504.3128662109375,3.3040433333333334,,,,,1,DETECTED,504.313 m/z @3.3 [BLANK sample],504.3128662109375,3.3040433333333334,2373237.3385683377,0,
203,508.84930419921875,29.782709999999998,,,,,1,DETECTED,508.849 m/z @29.8 [BLANK sample],508.84930419921875,29.782709999999998,6068664.179727382,0,
204,511.3299560546875,3.1758766666666665,,,,,1,DETECTED,511.330 m/z @3.2 [BLANK sample],511.3299560546875,3.1758766666666665,4439104.155861973,0,
205,514.3605346679688,2.9212116666666663,,,,,1,DETECTED,514.361 m/z @2.9 [BLANK sample],514.3605346679688,2.9212116666666663,1685560.2871295097,0,
206,515.4149780273438,2.814876666666667,,,,,1,DETECTED,515.415 m/z @2.8 [BLANK sample],515.4149780273438,2.814876666666667,2187148.5910563366,0,
207,520.3352661132812,3.325376666666666,,,,,1,DETECTED,520.335 m/z @3.3 [BLANK sample],520.3352661132812,3.325376666666666,1.0425479533506028E8,1,
208,521.3386840820312,3.3040433333333334,,,,,1,DETECTED,521.339 m/z @3.3 [BLANK sample],521.3386840820312,3.3040433333333334,2.5230275707994685E7,0,
209,522.3414306640625,3.3040433333333334,,,,,1,DETECTED,522.341 m/z @3.3 [BLANK sample],522.3414306640625,3.3040433333333334,3091207.995598111,0,
210,523.302978515625,2.9633766666666665,,,,,1,DETECTED,523.303 m/z @3.0 [BLANK sample],523.302978515625,2.9633766666666665,3934345.376952892,0,
211,523.8361206054688,2.9633766666666665,,,,,1,DETECTED,523.836 m/z @3.0 [BLANK sample],523.8361206054688,2.9633766666666665,3834673.1531978105,0,
212,524.3372192382812,3.0058766666666665,,,,,1,DETECTED,524.337 m/z @3.0 [BLANK sample],524.3372192382812,3.0058766666666665,1907562.0533698301,0,
213,526.3350219726562,3.282878333333333,,,,,1,DETECTED,526.335 m/z @3.3 [BLANK sample],526.3350219726562,3.282878333333333,5152531.306782609,0,
214,526.3974609375,2.836385,,,,,1,DETECTED,526.397 m/z @2.8 [BLANK sample],526.3974609375,2.836385,4311531.259944967,0,
215,526.8858642578125,29.782709999999998,,,,,1,DETECTED,526.886 m/z @29.8 [BLANK sample],526.8858642578125,29.782709999999998,3.0843152885887578E7,1,
216,531.4100341796875,2.793545,,,,,1,DETECTED,531.410 m/z @2.8 [BLANK sample],531.4100341796875,2.793545,7356746.806470855,0,
217,532.4142456054688,2.793545,,,,,1,DETECTED,532.414 m/z @2.8 [BLANK sample],532.4142456054688,2.793545,1555423.6357492933,0,
218,532.441650390625,2.793545,,,,,1,DETECTED,532.442 m/z @2.8 [BLANK sample],532.441650390625,2.793545,8009315.7787890425,1,
219,533.3427734375,3.24021,,,,,1,DETECTED,533.343 m/z @3.2 [BLANK sample],533.3427734375,3.24021,4566668.587163388,0,
220,533.4452514648438,2.793545,,,,,1,DETECTED,533.445 m/z @2.8 [BLANK sample],533.4452514648438,2.793545,2058972.3607039205,0,
221,536.4185180664062,2.6840516666666665,,,,,1,DETECTED,536.419 m/z @2.7 [BLANK sample],536.4185180664062,2.6840516666666665,6010756.325156128,1,
222,537.4219970703125,2.6840516666666665,,,,,1,DETECTED,537.422 m/z @2.7 [BLANK sample],537.4219970703125,2.6840516666666665,1358479.4184362085,0,
223,545.347412109375,2.9399616666666666,,,,,1,DETECTED,545.347 m/z @2.9 [BLANK sample],545.347412109375,2.9399616666666666,2.4541976783658586E7,0,
224,545.8485717773438,2.9212116666666663,,,,,1,DETECTED,545.849 m/z @2.9 [BLANK sample],545.8485717773438,2.9212116666666663,3169350.7055612565,0,
225,546.3505859375,2.9845433333333333,,,,,1,DETECTED,546.351 m/z @3.0 [BLANK sample],546.3505859375,2.9845433333333333,7031172.68736355,0,
226,547.3352661132812,3.3040433333333334,,,,,1,DETECTED,547.335 m/z @3.3 [BLANK sample],547.3352661132812,3.3040433333333334,7520691.526679155,0,
227,548.347412109375,3.282878333333333,,,,,1,DETECTED,548.347 m/z @3.3 [BLANK sample],548.347412109375,3.282878333333333,2810684.899826721,0,
228,548.8678588867188,29.782709999999998,,,,,1,DETECTED,548.868 m/z @29.8 [BLANK sample],548.8678588867188,29.782709999999998,2.2776888731009558E7,1,
229,558.3875732421875,2.9633766666666665,,,,,1,DETECTED,558.388 m/z @3.0 [BLANK sample],558.3875732421875,2.9633766666666665,2130344.833745091,0,
230,564.361328125,3.282878333333333,,,,,1,DETECTED,564.361 m/z @3.3 [BLANK sample],564.361328125,3.282878333333333,9.821589977879526E7,1,
231,565.3646850585938,3.282878333333333,,,,,1,DETECTED,565.365 m/z @3.3 [BLANK sample],565.3646850585938,3.282878333333333,2.4888092159509886E7,0,
232,566.3671264648438,3.282878333333333,,,,,1,DETECTED,566.367 m/z @3.3 [BLANK sample],566.3671264648438,3.282878333333333,3367657.87577576,0,
233,567.3291015625,2.9633766666666665,,,,,1,DETECTED,567.329 m/z @3.0 [BLANK sample],567.3291015625,2.9633766666666665,2974889.089550779,0,
234,567.8626708984375,2.9633766666666665,,,,,1,DETECTED,567.863 m/z @3.0 [BLANK sample],567.8626708984375,2.9633766666666665,2186197.8023270513,0,
235,570.36083984375,3.282878333333333,,,,,1,DETECTED,570.361 m/z @3.3 [BLANK sample],570.36083984375,3.282878333333333,4333331.814991897,0,
236,570.4234619140625,2.8788766666666663,,,,,1,DETECTED,570.423 m/z @2.9 [BLANK sample],570.4234619140625,2.8788766666666663,7265647.822524563,0,
237,570.8499145507812,29.782709999999998,,,,,1,DETECTED,570.850 m/z @29.8 [BLANK sample],570.8499145507812,29.782709999999998,1.3312532143591247E7,1,
238,570.8631591796875,3.2613783333333335,,,,,1,DETECTED,570.863 m/z @3.3 [BLANK sample],570.8631591796875,3.2613783333333335,2051507.0284811032,0,
239,571.427978515625,2.8575433333333335,,,,,1,DETECTED,571.428 m/z @2.9 [BLANK sample],571.427978515625,2.8575433333333335,1527377.356640721,0,
240,580.4446411132812,2.7062166666666667,,,,,1,DETECTED,580.445 m/z @2.7 [BLANK sample],580.4446411132812,2.7062166666666667,4940954.24797535,1,
241,581.4480590820312,2.7280533333333334,,,,,1,DETECTED,581.448 m/z @2.7 [BLANK sample],581.4480590820312,2.7280533333333334,1044613.5163597552,0,
242,585.376953125,2.7280533333333334,,,,,1,DETECTED,585.377 m/z @2.7 [BLANK sample],585.376953125,2.7280533333333334,1293786.6751849449,0,
243,586.4194946289062,2.9000433333333335,,,,,1,DETECTED,586.419 m/z @2.9 [BLANK sample],586.4194946289062,2.9000433333333335,1234982.471842986,0,
244,589.3735961914062,2.9633766666666665,,,,,1,DETECTED,589.374 m/z @3.0 [BLANK sample],589.3735961914062,2.9633766666666665,2.5591483231044803E7,1,
245,589.8744506835938,2.9212116666666663,,,,,1,DETECTED,589.874 m/z @2.9 [BLANK sample],589.8744506835938,2.9212116666666663,1684747.6802158395,0,
246,590.3762817382812,2.9212116666666663,,,,,1,DETECTED,590.376 m/z @2.9 [BLANK sample],590.3762817382812,2.9212116666666663,6386530.961704636,0,
247,591.3617553710938,3.24021,,,,,1,DETECTED,591.362 m/z @3.2 [BLANK sample],591.3617553710938,3.24021,4650084.284238835,0,
248,592.37451171875,3.282878333333333,,,,,1,DETECTED,592.375 m/z @3.3 [BLANK sample],592.37451171875,3.282878333333333,5936747.476949137,0,
249,592.831787109375,29.736216666666667,,,,,1,DETECTED,592.832 m/z @29.7 [BLANK sample],592.831787109375,29.736216666666667,3987155.543035497,0,
250,592.8761596679688,3.24021,,,,,1,DETECTED,592.876 m/z @3.2 [BLANK sample],592.8761596679688,3.24021,2734316.1634964687,0,
251,602.4140014648438,2.9212116666666663,,,,,1,DETECTED,602.414 m/z @2.9 [BLANK sample],602.4140014648438,2.9212116666666663,2170849.7842211286,0,
252,605.1306762695312,11.013718333333333,,,,,1,DETECTED,605.131 m/z @11.0 [BLANK sample],605.1306762695312,11.013718333333333,3275529.5158371227,1,
253,606.4013061523438,2.9633766666666665,,,,,1,DETECTED,606.401 m/z @3.0 [BLANK sample],606.4013061523438,2.9633766666666665,3300645.4529188704,0,
254,608.3881225585938,3.24021,,,,,1,DETECTED,608.388 m/z @3.2 [BLANK sample],608.3881225585938,3.24021,7.695377030521354E7,1,
255,609.3915405273438,3.24021,,,,,1,DETECTED,609.392 m/z @3.2 [BLANK sample],609.3915405273438,3.24021,2.1739152855547484E7,0,
256,610.394287109375,3.2613783333333335,,,,,1,DETECTED,610.394 m/z @3.3 [BLANK sample],610.394287109375,3.2613783333333335,2612235.673538283,0,
257,610.86865234375,29.782709999999998,,,,,1,DETECTED,610.869 m/z @29.8 [BLANK sample],610.86865234375,29.782709999999998,7678196.079449785,0,
258,611.35595703125,2.9633766666666665,,,,,1,DETECTED,611.356 m/z @3.0 [BLANK sample],611.35595703125,2.9633766666666665,1330301.1672112052,0,
259,614.3876342773438,3.24021,,,,,1,DETECTED,614.388 m/z @3.2 [BLANK sample],614.3876342773438,3.24021,7378195.791524073,0,
260,614.4503173828125,2.8575433333333335,,,,,1,DETECTED,614.450 m/z @2.9 [BLANK sample],614.4503173828125,2.8575433333333335,8047324.191540977,0,
261,614.8897705078125,3.2613783333333335,,,,,1,DETECTED,614.890 m/z @3.3 [BLANK sample],614.8897705078125,3.2613783333333335,3732361.909133132,0,
262,615.4535522460938,2.8788766666666663,,,,,1,DETECTED,615.454 m/z @2.9 [BLANK sample],615.4535522460938,2.8788766666666663,1642955.389452531,0,
263,622.1575317382812,11.013718333333333,,,,,1,DETECTED,622.158 m/z @11.0 [BLANK sample],622.1575317382812,11.013718333333333,3703694.798675929,1,
264,624.4716186523438,2.6840516666666665,,,,,1,DETECTED,624.472 m/z @2.7 [BLANK sample],624.4716186523438,2.6840516666666665,3260212.345630278,0,
265,627.1126708984375,11.013718333333333,,,,,1,DETECTED,627.113 m/z @11.0 [BLANK sample],627.1126708984375,11.013718333333333,2840971.473290383,1,
266,632.8502197265625,29.897876666666665,,,,,1,DETECTED,632.850 m/z @29.9 [BLANK sample],632.8502197265625,29.897876666666665,1.9210451406652417E7,1,
267,633.400390625,2.9845433333333333,,,,,1,DETECTED,633.400 m/z @3.0 [BLANK sample],633.400390625,2.9845433333333333,1.7648742399074517E7,1,
268,634.4039306640625,2.9845433333333333,,,,,1,DETECTED,634.404 m/z @3.0 [BLANK sample],634.4039306640625,2.9845433333333333,4054054.7053004033,0,
269,636.4006958007812,3.282878333333333,,,,,1,DETECTED,636.401 m/z @3.3 [BLANK sample],636.4006958007812,3.282878333333333,7737979.311882388,0,
270,636.90283203125,3.24021,,,,,1,DETECTED,636.903 m/z @3.2 [BLANK sample],636.90283203125,3.24021,3876774.014500954,0,
271,637.4057006835938,3.2188816666666664,,,,,1,DETECTED,637.406 m/z @3.2 [BLANK sample],637.4057006835938,3.2188816666666664,1326426.1081518196,0,
272,646.4400634765625,2.9212116666666663,,,,,1,DETECTED,646.440 m/z @2.9 [BLANK sample],646.4400634765625,2.9212116666666663,1862396.4182591597,0,
273,650.4270629882812,2.9633766666666665,,,,,1,DETECTED,650.427 m/z @3.0 [BLANK sample],650.4270629882812,2.9633766666666665,9350611.725965405,0,
274,651.4320068359375,2.9212116666666663,,,,,1,DETECTED,651.432 m/z @2.9 [BLANK sample],651.4320068359375,2.9212116666666663,2066190.5106900628,0,
275,652.4146118164062,3.24021,,,,,1,DETECTED,652.415 m/z @3.2 [BLANK sample],652.4146118164062,3.24021,5.416900606299671E7,1,
276,653.417724609375,3.24021,,,,,1,DETECTED,653.418 m/z @3.2 [BLANK sample],653.417724609375,3.24021,1.6158217610131295E7,0,
277,654.4214477539062,3.24021,,,,,1,DETECTED,654.421 m/z @3.2 [BLANK sample],654.4214477539062,3.24021,1782895.1047650878,0,
278,654.832275390625,29.897876666666665,,,,,1,DETECTED,654.832 m/z @29.9 [BLANK sample],654.832275390625,29.897876666666665,8773172.26578125,0,
279,658.4143676757812,3.2613783333333335,,,,,1,DETECTED,658.414 m/z @3.3 [BLANK sample],658.4143676757812,3.2613783333333335,7629735.870369079,0,
280,658.4765625,2.8788766666666663,,,,,1,DETECTED,658.477 m/z @2.9 [BLANK sample],658.4765625,2.8788766666666663,6278430.534628898,0,
281,658.916015625,3.24021,,,,,1,DETECTED,658.916 m/z @3.2 [BLANK sample],658.916015625,3.24021,3788408.850615163,0,
282,659.417724609375,3.2613783333333335,,,,,1,DETECTED,659.418 m/z @3.3 [BLANK sample],659.417724609375,3.2613783333333335,1372926.8849427,0,
283,659.4808349609375,2.8788766666666663,,,,,1,DETECTED,659.481 m/z @2.9 [BLANK sample],659.4808349609375,2.8788766666666663,1363540.093920653,0,
284,668.4981079101562,2.7062166666666667,,,,,1,DETECTED,668.498 m/z @2.7 [BLANK sample],668.4981079101562,2.7062166666666667,1727341.9997781762,0,
285,674.4664916992188,2.793545,,,,,1,DETECTED,674.466 m/z @2.8 [BLANK sample],674.4664916992188,2.793545,2566874.7133202893,0,
286,677.4266967773438,2.9845433333333333,,,,,1,DETECTED,677.427 m/z @3.0 [BLANK sample],677.4266967773438,2.9845433333333333,1.0396059686109472E7,0,
287,678.4312133789062,2.9633766666666665,,,,,1,DETECTED,678.431 m/z @3.0 [BLANK sample],678.4312133789062,2.9633766666666665,2748404.4890992683,0,
288,680.4285888671875,3.2188816666666664,,,,,1,DETECTED,680.429 m/z @3.2 [BLANK sample],680.4285888671875,3.2188816666666664,6485504.658198707,0,
289,680.9298706054688,3.2613783333333335,,,,,1,DETECTED,680.930 m/z @3.3 [BLANK sample],680.9298706054688,3.2613783333333335,3440438.5023914287,0,
290,681.4319458007812,3.2188816666666664,,,,,1,DETECTED,681.432 m/z @3.2 [BLANK sample],681.4319458007812,3.2188816666666664,5165899.3534948975,0,
291,690.4683227539062,2.9000433333333335,,,,,1,DETECTED,690.468 m/z @2.9 [BLANK sample],690.4683227539062,2.9000433333333335,1187262.1269488144,0,
292,694.4535522460938,2.9633766666666665,,,,,1,DETECTED,694.454 m/z @3.0 [BLANK sample],694.4535522460938,2.9633766666666665,1.4594265401810208E7,0,
293,694.850830078125,29.897876666666665,,,,,1,DETECTED,694.851 m/z @29.9 [BLANK sample],694.850830078125,29.897876666666665,7285874.210933275,1,
294,695.4583129882812,2.9212116666666663,,,,,1,DETECTED,695.458 m/z @2.9 [BLANK sample],695.4583129882812,2.9212116666666663,3171820.862294237,0,
295,696.4419555664062,3.2188816666666664,,,,,1,DETECTED,696.442 m/z @3.2 [BLANK sample],696.4419555664062,3.2188816666666664,3.523764409446169E7,1,
296,697.4447631835938,3.24021,,,,,1,DETECTED,697.445 m/z @3.2 [BLANK sample],697.4447631835938,3.24021,1.0450493659549935E7,0,
297,702.44189453125,3.2188816666666664,,,,,1,DETECTED,702.442 m/z @3.2 [BLANK sample],702.44189453125,3.2188816666666664,5105265.830022062,0,
298,702.5040283203125,2.8575433333333335,,,,,1,DETECTED,702.504 m/z @2.9 [BLANK sample],702.5040283203125,2.8575433333333335,3925228.5884246486,0,
299,702.9435424804688,3.1758766666666665,,,,,1,DETECTED,702.944 m/z @3.2 [BLANK sample],702.9435424804688,3.1758766666666665,4146039.534572155,0,
300,703.4437866210938,3.282878333333333,,,,,1,DETECTED,703.444 m/z @3.3 [BLANK sample],703.4437866210938,3.282878333333333,3076065.540826416,0,
301,703.5078125,2.8788766666666663,,,,,1,DETECTED,703.508 m/z @2.9 [BLANK sample],703.5078125,2.8788766666666663,1044432.5668842763,0,
302,708.4570922851562,2.9212116666666663,,,,,1,DETECTED,708.457 m/z @2.9 [BLANK sample],708.4570922851562,2.9212116666666663,4365733.946997643,0,
303,715.3069458007812,6.734389999999999,,,,,1,DETECTED,715.307 m/z @6.7 [BLANK sample],715.3069458007812,6.734389999999999,1.404379503242683E7,1,
304,716.3101806640625,6.734389999999999,,,,,1,DETECTED,716.310 m/z @6.7 [BLANK sample],716.3101806640625,6.734389999999999,3359554.011413984,0,
305,716.8324584960938,29.92138,,,,,1,DETECTED,716.832 m/z @29.9 [BLANK sample],716.8324584960938,29.92138,1.2844914156726843E7,1,
306,721.4545288085938,2.9633766666666665,,,,,1,DETECTED,721.455 m/z @3.0 [BLANK sample],721.4545288085938,2.9633766666666665,1.0325832784494268E7,0,
307,722.4601440429688,2.9845433333333333,,,,,1,DETECTED,722.460 m/z @3.0 [BLANK sample],722.4601440429688,2.9845433333333333,3770625.7706686403,0,
308,724.4544677734375,3.2613783333333335,,,,,1,DETECTED,724.454 m/z @3.3 [BLANK sample],724.4544677734375,3.2613783333333335,3635203.846082726,0,
309,724.95654296875,3.2613783333333335,,,,,1,DETECTED,724.957 m/z @3.3 [BLANK sample],724.95654296875,3.2613783333333335,2055705.8933907466,0,
310,737.2889404296875,6.757043333333334,,,,,1,DETECTED,737.289 m/z @6.8 [BLANK sample],737.2889404296875,6.757043333333334,4.15748541658401E7,1,
311,738.291015625,6.757043333333334,,,,,1,DETECTED,738.291 m/z @6.8 [BLANK sample],738.291015625,6.757043333333334,1.2518352011446984E7,0,
312,738.4804077148438,2.9633766666666665,,,,,1,DETECTED,738.480 m/z @3.0 [BLANK sample],738.4804077148438,2.9633766666666665,1.597656860665098E7,0,
313,739.2853393554688,6.757043333333334,,,,,1,DETECTED,739.285 m/z @6.8 [BLANK sample],739.2853393554688,6.757043333333334,3791601.4578620745,0,
314,739.48388671875,2.9633766666666665,,,,,1,DETECTED,739.484 m/z @3.0 [BLANK sample],739.48388671875,2.9633766666666665,3346237.0499855205,0,
315,740.46875,3.2188816666666664,,,,,1,DETECTED,740.469 m/z @3.2 [BLANK sample],740.46875,3.2188816666666664,2.2857566655437928E7,1,
316,741.4725341796875,3.2188816666666664,,,,,1,DETECTED,741.473 m/z @3.2 [BLANK sample],741.4725341796875,3.2188816666666664,6445767.863243433,0,
317,746.4678344726562,3.24021,,,,,1,DETECTED,746.468 m/z @3.2 [BLANK sample],746.4678344726562,3.24021,2600807.175076538,0,
318,746.52978515625,2.8788766666666663,,,,,1,DETECTED,746.530 m/z @2.9 [BLANK sample],746.52978515625,2.8788766666666663,2281784.2718122783,0,
319,746.9710083007812,3.2613783333333335,,,,,1,DETECTED,746.971 m/z @3.3 [BLANK sample],746.9710083007812,3.2613783333333335,1667640.5694272462,0,
320,760.505126953125,2.9212116666666663,,,,,1,DETECTED,760.505 m/z @2.9 [BLANK sample],760.505126953125,2.9212116666666663,609621.3188485343,0,
321,765.479248046875,2.9633766666666665,,,,,1,DETECTED,765.479 m/z @3.0 [BLANK sample],765.479248046875,2.9633766666666665,3289863.484962755,0,
322,766.4844970703125,2.9845433333333333,,,,,1,DETECTED,766.484 m/z @3.0 [BLANK sample],766.4844970703125,2.9845433333333333,1290847.4722750492,0,
323,768.4832763671875,3.24021,,,,,1,DETECTED,768.483 m/z @3.2 [BLANK sample],768.4832763671875,3.24021,1989760.5424103874,0,
324,778.8341064453125,29.897876666666665,,,,,1,DETECTED,778.834 m/z @29.9 [BLANK sample],778.8341064453125,29.897876666666665,6708920.052189689,0,
325,782.5068359375,2.9633766666666665,,,,,1,DETECTED,782.507 m/z @3.0 [BLANK sample],782.5068359375,2.9633766666666665,1.3844279314450977E7,0,
326,783.51123046875,2.9212116666666663,,,,,1,DETECTED,783.511 m/z @2.9 [BLANK sample],783.51123046875,2.9212116666666663,3490726.403334033,0,
327,784.4951782226562,3.2188816666666664,,,,,1,DETECTED,784.495 m/z @3.2 [BLANK sample],784.4951782226562,3.2188816666666664,1.4774953521556986E7,0,
328,785.4990844726562,3.2188816666666664,,,,,1,DETECTED,785.499 m/z @3.2 [BLANK sample],785.4990844726562,3.2188816666666664,4469075.2577959355,0,
329,790.4971923828125,3.2188816666666664,,,,,1,DETECTED,790.497 m/z @3.2 [BLANK sample],790.4971923828125,3.2188816666666664,1224953.855451654,0,
330,790.55615234375,2.8788766666666663,,,,,1,DETECTED,790.556 m/z @2.9 [BLANK sample],790.55615234375,2.8788766666666663,1127028.8119654285,0,
331,800.8161010742188,29.897876666666665,,,,,1,DETECTED,800.816 m/z @29.9 [BLANK sample],800.8161010742188,29.897876666666665,8667711.74804799,1,
332,818.4181518554688,2.9212116666666663,,,,,1,DETECTED,818.418 m/z @2.9 [BLANK sample],818.4181518554688,2.9212116666666663,8599933.574279461,0,
333,826.532958984375,2.9633766666666665,,,,,1,DETECTED,826.533 m/z @3.0 [BLANK sample],826.532958984375,2.9633766666666665,1.2277528783894561E7,0,
334,827.5387573242188,3.0058766666666665,,,,,1,DETECTED,827.539 m/z @3.0 [BLANK sample],827.5387573242188,3.0058766666666665,2912813.1650798083,0,
335,828.522216796875,3.2188816666666664,,,,,1,DETECTED,828.522 m/z @3.2 [BLANK sample],828.522216796875,3.2188816666666664,1.0263831178656226E7,0,
336,829.5238037109375,3.24021,,,,,1,DETECTED,829.524 m/z @3.2 [BLANK sample],829.5238037109375,3.24021,6734968.689835509,0,
337,836.4801025390625,2.9845433333333333,,,,,1,DETECTED,836.480 m/z @3.0 [BLANK sample],836.4801025390625,2.9845433333333333,7708557.466023133,0,
338,842.5107421875,2.8788766666666663,,,,,1,DETECTED,842.511 m/z @2.9 [BLANK sample],842.5107421875,2.8788766666666663,4859984.096603525,0,
339,846.4464721679688,2.9212116666666663,,,,,1,DETECTED,846.446 m/z @2.9 [BLANK sample],846.4464721679688,2.9212116666666663,9396317.786340516,1,
340,847.44970703125,2.9212116666666663,,,,,1,DETECTED,847.450 m/z @2.9 [BLANK sample],847.44970703125,2.9212116666666663,9333327.873598775,0,
341,870.5604248046875,2.9212116666666663,,,,,1,DETECTED,870.560 m/z @2.9 [BLANK sample],870.5604248046875,2.9212116666666663,5354651.02410327,0,
342,871.5636596679688,3.0058766666666665,,,,,1,DETECTED,871.564 m/z @3.0 [BLANK sample],871.5636596679688,3.0058766666666665,1819217.0169458254,0,
343,872.548095703125,3.1758766666666665,,,,,1,DETECTED,872.548 m/z @3.2 [BLANK sample],872.548095703125,3.1758766666666665,7829081.132225074,0,
344,873.5531005859375,3.2188816666666664,,,,,1,DETECTED,873.553 m/z @3.2 [BLANK sample],873.5531005859375,3.2188816666666664,4249927.631942919,0,
345,884.7996826171875,29.782709999999998,,,,,1,DETECTED,884.800 m/z @29.8 [BLANK sample],884.7996826171875,29.782709999999998,6400344.351583744,0,
346,914.5869750976562,2.9845433333333333,,,,,1,DETECTED,914.587 m/z @3.0 [BLANK sample],914.5869750976562,2.9845433333333333,8028670.071862365,0,
347,916.5741577148438,3.1758766666666665,,,,,1,DETECTED,916.574 m/z @3.2 [BLANK sample],916.5741577148438,3.1758766666666665,5808945.616353881,0,
348,958.6138916015625,3.0058766666666665,,,,,1,DETECTED,958.614 m/z @3.0 [BLANK sample],958.6138916015625,3.0058766666666665,4174974.2123700012,0,
349,960.5992431640625,3.1758766666666665,,,,,1,DETECTED,960.599 m/z @3.2 [BLANK sample],960.5992431640625,3.1758766666666665,4610922.132200644,0,
350,975.3880004882812,6.757043333333334,,,,,1,DETECTED,975.388 m/z @6.8 [BLANK sample],975.3880004882812,6.757043333333334,2.089613666630596E7,1,
351,976.3909301757812,6.757043333333334,,,,,1,DETECTED,976.391 m/z @6.8 [BLANK sample],976.3909301757812,6.757043333333334,5732583.428594922,0,
352,977.3868408203125,6.757043333333334,,,,,1,DETECTED,977.387 m/z @6.8 [BLANK sample],977.3868408203125,6.757043333333334,2011962.6934081542,0,
